z_p,offset,phi_deg,rho,eta,axis,sigma_eff,sigma_eff_strip,target_sigma,N_required
0,0,0,0,0,x,7.05985,2.4456,0.3,553.794
0,0,0,0,0,x,7.05985,2.4456,1,49.8414
0,0,0,0,0,y,4.97841,1.72457,0.3,275.384
0,0,0,0,0,y,4.97841,1.72457,1,24.7845
0,0,0,0,0,z,8.72288,3.02169,0.3,845.429
0,0,0,0,0,z,8.72288,3.02169,1,76.0886
0,150,0,0,0,x,6.98235,2.41876,0.3,541.702
0,150,0,0,0,x,6.98235,2.41876,1,48.7531
0,150,0,0,0,y,4.9027,1.69834,0.3,267.071
0,150,0,0,0,y,4.9027,1.69834,1,24.0364
0,150,0,0,0,z,8.59305,2.97672,0.3,820.451
0,150,0,0,0,z,8.59305,2.97672,1,73.8406
0,150,45,0,0,x,7.02434,2.4333,0.3,548.237
0,150,45,0,0,x,7.02434,2.4333,1,49.3413
0,150,45,0,0,y,5.01712,1.73798,0.3,279.683
0,150,45,0,0,y,5.01712,1.73798,1,25.1715
0,150,45,0,0,z,8.4922,2.94178,0.3,801.304
0,150,45,0,0,z,8.4922,2.94178,1,72.1174
0,150,90,0,0,x,6.85306,2.37397,0.3,521.827
0,150,90,0,0,x,6.85306,2.37397,1,46.9644
0,150,90,0,0,y,5.07713,1.75877,0.3,286.414
0,150,90,0,0,y,5.07713,1.75877,1,25.7773
0,150,90,0,0,z,8.73421,3.02562,0.3,847.627
0,150,90,0,0,z,8.73421,3.02562,1,76.2864
0,300,0,0,0,x,7.55776,2.61809,0.3,634.664
0,300,0,0,0,x,7.55776,2.61809,1,57.1198
0,300,0,0,0,y,4.88798,1.69325,0.3,265.471
0,300,0,0,0,y,4.88798,1.69325,1,23.8924
0,300,0,0,0,z,8.782,3.04217,0.3,856.927
0,300,0,0,0,z,8.782,3.04217,1,77.1235
0,300,45,0,0,x,7.02474,2.43344,0.3,548.299
0,300,45,0,0,x,7.02474,2.43344,1,49.3469
0,300,45,0,0,y,5.21856,1.80776,0.3,302.593
0,300,45,0,0,y,5.21856,1.80776,1,27.2333
0,300,45,0,0,z,8.73914,3.02733,0.3,848.584
0,300,45,0,0,z,8.73914,3.02733,1,76.3725
0,300,90,0,0,x,6.78518,2.35045,0.3,511.54
0,300,90,0,0,x,6.78518,2.35045,1,46.0386
0,300,90,0,0,y,5.33905,1.8495,0.3,316.727
0,300,90,0,0,y,5.33905,1.8495,1,28.5055
0,300,90,0,0,z,8.59912,2.97882,0.3,821.609
0,300,90,0,0,z,8.59912,2.97882,1,73.9448
300,0,0,0.375,0,x,6.162,2.13458,0.3,421.891
300,0,0,0.375,0,x,6.162,2.13458,1,37.9702
300,0,0,0.375,0,y,4.42262,1.53204,0.3,217.329
300,0,0,0.375,0,y,4.42262,1.53204,1,19.5596
300,0,0,0.375,0,z,5.29592,1.83456,0.3,311.63
300,0,0,0.375,0,z,5.29592,1.83456,1,28.0467
300,150,0,0.375,0.40404,x,6.3805,2.21027,0.3,452.341
300,150,0,0.375,0.40404,x,6.3805,2.21027,1,40.7107
300,150,0,0.375,0.40404,y,4.31213,1.49377,0.3,206.606
300,150,0,0.375,0.40404,y,4.31213,1.49377,1,18.5945
300,150,0,0.375,0.40404,z,5.63575,1.95228,0.3,352.908
300,150,0,0.375,0.40404,z,5.63575,1.95228,1,31.7617
300,150,45,0.375,0.40404,x,6.11204,2.11727,0.3,415.078
300,150,45,0.375,0.40404,x,6.11204,2.11727,1,37.357
300,150,45,0.375,0.40404,y,4.34835,1.50631,0.3,210.091
300,150,45,0.375,0.40404,y,4.34835,1.50631,1,18.9082
300,150,45,0.375,0.40404,z,5.54764,1.92176,0.3,341.959
300,150,45,0.375,0.40404,z,5.54764,1.92176,1,30.7763
300,150,90,0.375,0.40404,x,5.93059,2.05442,0.3,390.799
300,150,90,0.375,0.40404,x,5.93059,2.05442,1,35.1719
300,150,90,0.375,0.40404,y,4.31521,1.49483,0.3,206.9
300,150,90,0.375,0.40404,y,4.31521,1.49483,1,18.621
300,150,90,0.375,0.40404,z,5.58323,1.93409,0.3,346.361
300,150,90,0.375,0.40404,z,5.58323,1.93409,1,31.1724
300,300,0,0.375,0.808081,x,6.37905,2.20977,0.3,452.136
300,300,0,0.375,0.808081,x,6.37905,2.20977,1,40.6922
300,300,0,0.375,0.808081,y,4.02515,1.39435,0.3,180.02
300,300,0,0.375,0.808081,y,4.02515,1.39435,1,16.2018
300,300,0,0.375,0.808081,z,6.27527,2.17382,0.3,437.545
300,300,0,0.375,0.808081,z,6.27527,2.17382,1,39.379
300,300,45,0.375,0.808081,x,5.95789,2.06387,0.3,394.405
300,300,45,0.375,0.808081,x,5.95789,2.06387,1,35.4964
300,300,45,0.375,0.808081,y,4.28016,1.48269,0.3,203.553
300,300,45,0.375,0.808081,y,4.28016,1.48269,1,18.3198
300,300,45,0.375,0.808081,z,6.50372,2.25296,0.3,469.983
300,300,45,0.375,0.808081,z,6.50372,2.25296,1,42.2984
300,300,90,0.375,0.808081,x,5.58373,1.93426,0.3,346.423
300,300,90,0.375,0.808081,x,5.58373,1.93426,1,31.1781
300,300,90,0.375,0.808081,y,4.58812,1.58937,0.3,233.898
300,300,90,0.375,0.808081,y,4.58812,1.58937,1,21.0509
300,300,90,0.375,0.808081,z,6.35867,2.20271,0.3,449.252
300,300,90,0.375,0.808081,z,6.35867,2.20271,1,40.4327
1000,0,0,1.25,0,x,8.18616,2.83577,0.3,744.592
1000,0,0,1.25,0,x,8.18616,2.83577,1,67.0132
1000,0,0,1.25,0,y,5.93626,2.05638,0.3,391.546
1000,0,0,1.25,0,y,5.93626,2.05638,1,35.2392
1000,0,0,1.25,0,z,11.9261,4.13133,0.3,1580.36
1000,0,0,1.25,0,z,11.9261,4.13133,1,142.232
1000,150,0,1.25,0.121212,x,8.34758,2.89169,0.3,774.245
1000,150,0,1.25,0.121212,x,8.34758,2.89169,1,69.682
1000,150,0,1.25,0.121212,y,5.79491,2.00742,0.3,373.123
1000,150,0,1.25,0.121212,y,5.79491,2.00742,1,33.581
1000,150,0,1.25,0.121212,z,12.3228,4.26874,0.3,1687.24
1000,150,0,1.25,0.121212,z,12.3228,4.26874,1,151.851
1000,150,45,1.25,0.121212,x,8.12145,2.81335,0.3,732.866
1000,150,45,1.25,0.121212,x,8.12145,2.81335,1,65.9579
1000,150,45,1.25,0.121212,y,5.91976,2.05067,0.3,389.373
1000,150,45,1.25,0.121212,y,5.91976,2.05067,1,35.0436
1000,150,45,1.25,0.121212,z,11.942,4.13685,0.3,1584.58
1000,150,45,1.25,0.121212,z,11.942,4.13685,1,142.612
1000,150,90,1.25,0.121212,x,8.01638,2.77696,0.3,714.027
1000,150,90,1.25,0.121212,x,8.01638,2.77696,1,64.2624
1000,150,90,1.25,0.121212,y,5.87869,2.03644,0.3,383.989
1000,150,90,1.25,0.121212,y,5.87869,2.03644,1,34.559
1000,150,90,1.25,0.121212,z,12.1299,4.20192,0.3,1634.82
1000,150,90,1.25,0.121212,z,12.1299,4.20192,1,147.134
1000,300,0,1.25,0.242424,x,8.85174,3.06633,0.3,870.593
1000,300,0,1.25,0.242424,x,8.85174,3.06633,1,78.3534
1000,300,0,1.25,0.242424,y,5.67565,1.9661,0.3,357.922
1000,300,0,1.25,0.242424,y,5.67565,1.9661,1,32.213
1000,300,0,1.25,0.242424,z,11.9789,4.1496,0.3,1594.37
1000,300,0,1.25,0.242424,z,11.9789,4.1496,1,143.493
1000,300,45,1.25,0.242424,x,8.14292,2.82079,0.3,736.746
1000,300,45,1.25,0.242424,x,8.14292,2.82079,1,66.3071
1000,300,45,1.25,0.242424,y,6.1189,2.11965,0.3,416.011
1000,300,45,1.25,0.242424,y,6.1189,2.11965,1,37.441
1000,300,45,1.25,0.242424,z,12.1121,4.19576,0.3,1630.03
1000,300,45,1.25,0.242424,z,12.1121,4.19576,1,146.703
1000,300,90,1.25,0.242424,x,7.89794,2.73593,0.3,693.082
1000,300,90,1.25,0.242424,x,7.89794,2.73593,1,62.3774
1000,300,90,1.25,0.242424,y,6.23116,2.15854,0.3,431.414
1000,300,90,1.25,0.242424,y,6.23116,2.15854,1,38.8273
1000,300,90,1.25,0.242424,z,11.9798,4.14994,0.3,1594.63
1000,300,90,1.25,0.242424,z,11.9798,4.14994,1,143.517
3000,0,0,3.75,0,x,24.3692,8.44175,0.3,6598.45
3000,0,0,3.75,0,x,24.3692,8.44175,1,593.86
3000,0,0,3.75,0,y,17.6793,6.12428,0.3,3472.85
3000,0,0,3.75,0,y,17.6793,6.12428,1,312.557
3000,0,0,3.75,0,z,102.906,35.6475,0.3,117662
3000,0,0,3.75,0,z,102.906,35.6475,1,10589.6
3000,150,0,3.75,0.040404,x,25.1421,8.70946,0.3,7023.59
3000,150,0,3.75,0.040404,x,25.1421,8.70946,1,632.123
3000,150,0,3.75,0.040404,y,17.4125,6.03186,0.3,3368.82
3000,150,0,3.75,0.040404,y,17.4125,6.03186,1,303.194
3000,150,0,3.75,0.040404,z,101.187,35.0521,0.3,113764
3000,150,0,3.75,0.040404,z,101.187,35.0521,1,10238.8
3000,150,45,3.75,0.040404,x,24.8011,8.59137,0.3,6834.41
3000,150,45,3.75,0.040404,x,24.8011,8.59137,1,615.097
3000,150,45,3.75,0.040404,y,17.819,6.17267,0.3,3527.95
3000,150,45,3.75,0.040404,y,17.819,6.17267,1,317.516
3000,150,45,3.75,0.040404,z,101.637,35.2081,0.3,114779
3000,150,45,3.75,0.040404,z,101.637,35.2081,1,10330.1
3000,150,90,3.75,0.040404,x,24.7467,8.57252,0.3,6804.45
3000,150,90,3.75,0.040404,x,24.7467,8.57252,1,612.4
3000,150,90,3.75,0.040404,y,18.0823,6.26389,0.3,3633
3000,150,90,3.75,0.040404,y,18.0823,6.26389,1,326.97
3000,150,90,3.75,0.040404,z,99.1769,34.3559,0.3,109290
3000,150,90,3.75,0.040404,z,99.1769,34.3559,1,9836.06
3000,300,0,3.75,0.0808081,x,25.9723,8.99705,0.3,7495.09
3000,300,0,3.75,0.0808081,x,25.9723,8.99705,1,674.558
3000,300,0,3.75,0.0808081,y,17.4253,6.0363,0.3,3373.79
3000,300,0,3.75,0.0808081,y,17.4253,6.0363,1,303.641
3000,300,0,3.75,0.0808081,z,99.4891,34.464,0.3,109979
3000,300,0,3.75,0.0808081,z,99.4891,34.464,1,9898.08
3000,300,45,3.75,0.0808081,x,25.3669,8.78734,0.3,7149.76
3000,300,45,3.75,0.0808081,x,25.3669,8.78734,1,643.478
3000,300,45,3.75,0.0808081,y,18.7727,6.50304,0.3,3915.7
3000,300,45,3.75,0.0808081,y,18.7727,6.50304,1,352.413
3000,300,45,3.75,0.0808081,z,102.52,35.5139,0.3,116781
3000,300,45,3.75,0.0808081,z,102.52,35.5139,1,10510.3
3000,300,90,3.75,0.0808081,x,24.6151,8.52693,0.3,6732.27
3000,300,90,3.75,0.0808081,x,24.6151,8.52693,1,605.904
3000,300,90,3.75,0.0808081,y,20.0206,6.93535,0.3,4453.62
3000,300,90,3.75,0.0808081,y,20.0206,6.93535,1,400.826
3000,300,90,3.75,0.0808081,z,100.751,34.9011,0.3,112786
3000,300,90,3.75,0.0808081,z,100.751,34.9011,1,10150.7
