z_p,offset,phi_deg,rho,eta,N,axis,pool,sigma_cov,sigma_cov_strip,sigma_rad,sigma_tan,sigma_emp,err_mean,pull_mean,pull_std,corr_t_zp,cx_true,cy_true,cx_fit,cy_fit,cx_fit_std,cy_fit_std
0,0,0,0,0,30,x,3339,1.29278,0.447832,1.29278,0.90969,1.77393,-0.7729,-0.613727,1.36247,0.0104027,495,495,494.542,494.677,0.684552,0.824532
0,0,0,0,0,30,y,3339,0.90969,0.315126,1.29278,0.90969,1.09238,-0.147798,-0.162199,1.20245,0.0455925,495,495,494.542,494.677,0.684552,0.824532
0,0,0,0,0,30,z,3339,1.61097,0.558056,1.29278,0.90969,1.65583,0.309158,0.193654,1.02213,1,495,495,494.542,494.677,0.684552,0.824532
0,0,0,0,0,100,x,3339,0.702894,0.24349,0.702894,0.496564,0.640511,-0.61067,-0.874829,0.909063,-0.0144636,495,495,494.779,494.766,0.417513,0.331618
0,0,0,0,0,100,y,3339,0.496564,0.172015,0.702894,0.496564,0.434329,-0.0257851,-0.0557407,0.885807,0.00989219,495,495,494.779,494.766,0.417513,0.331618
0,0,0,0,0,100,z,3339,0.84704,0.293423,0.702894,0.496564,0.844058,0.531344,0.632649,1.00203,1,495,495,494.779,494.766,0.417513,0.331618
0,0,0,0,0,300,x,3339,0.400829,0.138851,0.400829,0.287232,0.484728,-0.436643,-1.09776,1.22041,0.0124523,495,495,494.841,494.768,0.26865,0.148682
0,0,0,0,0,300,y,3339,0.287232,0.0995,0.400829,0.287232,0.243844,-0.0837604,-0.29093,0.847781,-0.00731692,495,495,494.841,494.768,0.26865,0.148682
0,0,0,0,0,300,z,3339,0.489172,0.169454,0.400829,0.287232,0.418129,0.68928,1.41361,0.858991,1,495,495,494.841,494.768,0.26865,0.148682
0,150,0,0,0,30,x,3207,1.27536,0.441797,1.27536,0.894541,1.26684,-0.135027,-0.11894,0.98807,-0.117671,645,495,644.811,494.505,0.674097,1.05343
0,150,0,0,0,30,y,3207,0.894541,0.309878,1.27536,0.894541,1.31104,-0.518305,-0.613909,1.50953,0.0266913,645,495,644.811,494.505,0.674097,1.05343
0,150,0,0,0,30,z,3207,1.56978,0.543786,1.27536,0.894541,2.05612,0.0258104,0.0579412,1.33953,1,645,495,644.811,494.505,0.674097,1.05343
0,150,0,0,0,100,x,3207,0.697946,0.241776,0.697946,0.493394,0.832069,-0.343691,-0.489872,1.18472,-0.147726,645,495,644.678,494.55,0.534581,0.383036
0,150,0,0,0,100,y,3207,0.493394,0.170917,0.697946,0.493394,0.554521,-0.437291,-0.896961,1.13663,0.00335632,645,495,644.678,494.55,0.534581,0.383036
0,150,0,0,0,100,z,3207,0.859958,0.297898,0.697946,0.493394,1.15547,0.461759,0.539548,1.37099,1,645,495,644.678,494.55,0.534581,0.383036
0,150,0,0,0,300,x,3207,0.401846,0.139204,0.401846,0.27943,0.497256,-0.306851,-0.769158,1.2336,-0.140656,645,495,644.722,494.624,0.296468,0.251979
0,150,0,0,0,300,y,3207,0.27943,0.0967976,0.401846,0.27943,0.263982,-0.359943,-1.29816,0.965248,-0.0020696,645,495,644.722,494.624,0.296468,0.251979
0,150,0,0,0,300,z,3207,0.492125,0.170477,0.401846,0.27943,0.451642,0.458454,0.926296,0.904427,1,645,495,644.722,494.624,0.296468,0.251979
0,150,45,0,0,30,x,3158,1.28994,0.446847,0.827751,1.3516,1.29553,0.125634,0.0981587,0.991225,-0.109518,601.066,601.066,600.945,600.651,0.775386,0.77773
0,150,45,0,0,30,y,3158,0.919577,0.318551,0.827751,1.3516,1.10253,-0.541459,-0.599316,1.21673,-0.135906,601.066,601.066,600.945,600.651,0.775386,0.77773
0,150,45,0,0,30,z,3158,1.55025,0.537024,0.827751,1.3516,2.22516,0.172027,0.0958829,1.44205,1,601.066,601.066,600.945,600.651,0.775386,0.77773
0,150,45,0,0,100,x,3158,0.694092,0.24044,0.445613,0.728494,0.739341,-0.352004,-0.510765,1.06837,-0.0773638,601.066,601.066,600.772,600.649,0.460944,0.365857
0,150,45,0,0,100,y,3158,0.497347,0.172286,0.445613,0.728494,0.435281,-0.385485,-0.779627,0.872528,-0.129458,601.066,601.066,600.772,600.649,0.460944,0.365857
0,150,45,0,0,100,z,3158,0.851263,0.294886,0.445613,0.728494,0.940447,0.371756,0.440565,1.08897,1,601.066,601.066,600.772,600.649,0.460944,0.365857
0,150,45,0,0,300,x,3158,0.396362,0.137304,0.256733,0.415895,0.414269,-0.213664,-0.538033,1.047,-0.0853352,601.066,601.066,600.851,600.59,0.180497,0.200683
0,150,45,0,0,300,y,3158,0.285898,0.099038,0.256733,0.415895,0.265075,-0.476612,-1.66645,0.92034,-0.142409,601.066,601.066,600.851,600.59,0.180497,0.200683
0,150,45,0,0,300,z,3158,0.487393,0.168838,0.256733,0.415895,0.45922,0.302117,0.619237,0.946315,1,601.066,601.066,600.851,600.59,0.180497,0.200683
0,150,90,0,0,30,x,3266,1.25416,0.434453,0.927906,1.25416,1.18981,-0.0283511,-0.0424674,0.937931,0.000938234,495,645,494.842,644.439,0.907424,0.745343
0,150,90,0,0,30,y,3266,0.927906,0.321436,0.927906,1.25416,0.623441,-0.626272,-0.686574,0.685796,-0.147295,495,645,494.842,644.439,0.907424,0.745343
0,150,90,0,0,30,z,3266,1.59755,0.553408,0.927906,1.25416,2.25303,0.573002,0.374344,1.41657,1,495,645,494.842,644.439,0.907424,0.745343
0,150,90,0,0,100,x,3266,0.681371,0.236034,0.506463,0.681371,0.782857,-0.245869,-0.358319,1.14338,-0.00491538,495,645,495.016,644.636,0.354965,0.374305
0,150,90,0,0,100,y,3266,0.506463,0.175444,0.506463,0.681371,0.47845,-0.223632,-0.4488,0.945625,-0.15773,495,645,495.016,644.636,0.354965,0.374305
0,150,90,0,0,100,z,3266,0.871743,0.301981,0.506463,0.681371,0.800161,0.77228,0.895357,0.919925,1,495,645,495.016,644.636,0.354965,0.374305
0,150,90,0,0,300,x,3266,0.393099,0.136174,0.292282,0.393099,0.356641,-0.196471,-0.509446,0.912683,-0.0199723,495,645,495.014,644.543,0.214814,0.234874
0,150,90,0,0,300,y,3266,0.292282,0.101249,0.292282,0.393099,0.291982,-0.345009,-1.1831,1.00126,-0.163463,495,645,495.014,644.543,0.214814,0.234874
0,150,90,0,0,300,z,3266,0.497972,0.172503,0.292282,0.393099,0.493307,0.357968,0.722806,0.996834,1,495,645,495.014,644.543,0.214814,0.234874
0,300,0,0,0,30,x,2966,1.40578,0.486978,1.40578,0.894144,1.41361,-0.15396,-0.108406,0.972012,-0.294891,795,495,794.535,494.675,0.794434,0.947462
0,300,0,0,0,30,y,2966,0.894144,0.309741,1.40578,0.894144,0.989335,-0.484664,-0.54761,1.11555,0.0188729,795,495,794.535,494.675,0.794434,0.947462
0,300,0,0,0,30,z,2966,1.62014,0.561234,1.40578,0.894144,2.16292,0.233963,0.14705,1.34716,1,795,495,794.535,494.675,0.794434,0.947462
0,300,0,0,0,100,x,2966,0.719373,0.249198,0.719373,0.485508,0.764556,-0.236345,-0.333371,1.05714,-0.238804,795,495,794.645,494.441,0.633318,0.564206
0,300,0,0,0,100,y,2966,0.485508,0.168185,0.719373,0.485508,0.578445,-0.62111,-1.29039,1.1911,-0.0290696,795,495,794.645,494.441,0.633318,0.564206
0,300,0,0,0,100,z,2966,0.857074,0.296899,0.719373,0.485508,0.681108,0.250765,0.299821,0.791522,1,795,495,794.645,494.441,0.633318,0.564206
0,300,0,0,0,300,x,2966,0.4174,0.144592,0.4174,0.282453,0.355384,-0.375146,-0.902358,0.852314,-0.274171,795,495,794.611,494.576,0.225024,0.231701
0,300,0,0,0,300,y,2966,0.282453,0.0978446,0.4174,0.282453,0.297841,-0.431089,-1.53026,1.06431,0.0102299,795,495,794.611,494.576,0.225024,0.231701
0,300,0,0,0,300,z,2966,0.490564,0.169936,0.4174,0.282453,0.465618,0.465015,0.951299,0.9481,1,795,495,794.611,494.576,0.225024,0.231701
0,300,45,0,0,30,x,2959,1.28364,0.444666,0.86549,1.35127,1.25345,-0.17731,-0.124546,0.99253,-0.152609,707.132,707.132,706.917,706.868,0.895394,0.819824
0,300,45,0,0,30,y,2959,0.962923,0.333566,0.86549,1.35127,0.889011,-0.280824,-0.315029,0.922847,-0.286282,707.132,707.132,706.917,706.868,0.895394,0.819824
0,300,45,0,0,30,z,2959,1.60275,0.555209,0.86549,1.35127,1.57945,0.377045,0.239318,0.996891,1,707.132,707.132,706.917,706.868,0.895394,0.819824
0,300,45,0,0,100,x,2959,0.700872,0.242789,0.477845,0.722075,0.943013,-0.189001,-0.268772,1.38537,-0.173037,707.132,707.132,706.874,707.001,0.539743,0.335364
0,300,45,0,0,100,y,2959,0.508387,0.17611,0.477845,0.722075,0.493113,-0.165854,-0.329618,0.967,-0.279068,707.132,707.132,706.874,707.001,0.539743,0.335364
0,300,45,0,0,100,z,2959,0.861648,0.298483,0.477845,0.722075,0.933965,0.475321,0.561832,1.0991,1,707.132,707.132,706.874,707.001,0.539743,0.335364
0,300,45,0,0,300,x,2959,0.404852,0.140245,0.278597,0.4146,0.511526,-0.124193,-0.308498,1.26965,-0.206982,707.132,707.132,706.905,706.954,0.3362,0.234456
0,300,45,0,0,300,y,2959,0.292529,0.101335,0.278597,0.4146,0.281259,-0.232305,-0.796277,0.957993,-0.278087,707.132,707.132,706.905,706.954,0.3362,0.234456
0,300,45,0,0,300,z,2959,0.503006,0.174247,0.278597,0.4146,0.435823,0.346641,0.68909,0.865752,1,707.132,707.132,706.905,706.954,0.3362,0.234456
0,300,90,0,0,30,x,2971,1.24342,0.430732,0.977275,1.24342,1.29255,-0.12739,-0.145669,1.04382,0.0197813,495,795,495.077,794.603,0.941604,0.850856
0,300,90,0,0,30,y,2971,0.977275,0.338538,0.977275,1.24342,1.12887,-0.2848,-0.283566,1.13804,-0.36557,495,795,495.077,794.603,0.941604,0.850856
0,300,90,0,0,30,z,2971,1.58097,0.547662,0.977275,1.24342,1.77363,0.566121,0.346681,1.06608,1,495,795,495.077,794.603,0.941604,0.850856
0,300,90,0,0,100,x,2971,0.671346,0.232561,0.529928,0.671346,0.633076,-0.526174,-0.788105,0.967825,0.00524551,495,795,494.847,794.548,0.447952,0.419477
0,300,90,0,0,100,y,2971,0.529928,0.183572,0.529928,0.671346,0.558445,-0.252172,-0.488119,1.0553,-0.364989,495,795,494.847,794.548,0.447952,0.419477
0,300,90,0,0,100,z,2971,0.844729,0.292623,0.529928,0.671346,0.781984,0.542357,0.63975,0.926289,1,495,795,494.847,794.548,0.447952,0.419477
0,300,90,0,0,300,x,2971,0.389555,0.134946,0.307227,0.389555,0.42785,-0.295158,-0.761471,1.10273,-0.00354695,495,795,494.775,794.459,0.213227,0.285017
0,300,90,0,0,300,y,2971,0.307227,0.106427,0.307227,0.389555,0.275009,-0.503272,-1.63771,0.895444,-0.365811,495,795,494.775,794.459,0.213227,0.285017
0,300,90,0,0,300,z,2971,0.488018,0.169054,0.307227,0.389555,0.326771,0.923438,1.89139,0.671718,1,495,795,494.775,794.459,0.213227,0.285017
300,0,0,0.375,0,30,x,5200,1.13662,0.393736,1.13662,0.819787,1.20237,-0.426199,-0.374369,1.08665,-0.0789925,495,495,494.778,494.876,0.747917,0.779312
300,0,0,0.375,0,30,y,5200,0.819787,0.283982,1.13662,0.819787,1.02536,-0.0121804,-0.00913153,1.26323,0.12081,495,495,494.778,494.876,0.747917,0.779312
300,0,0,0.375,0,30,z,5200,0.974501,0.337577,1.13662,0.819787,1.1191,0.0376733,0.0431585,1.14827,1,495,495,494.778,494.876,0.747917,0.779312
300,0,0,0.375,0,100,x,5200,0.598866,0.207453,0.598866,0.423823,0.757503,-0.353436,-0.60225,1.26422,-0.00137863,495,495,494.772,494.658,0.338402,0.380372
300,0,0,0.375,0,100,y,5200,0.423823,0.146816,0.598866,0.423823,0.487861,-0.27337,-0.641695,1.13261,0.0058414,495,495,494.772,494.658,0.338402,0.380372
300,0,0,0.375,0,100,z,5200,0.517984,0.179435,0.598866,0.423823,0.514633,0.0385507,0.0747966,0.984259,1,495,495,494.772,494.658,0.338402,0.380372
300,0,0,0.375,0,300,x,5200,0.349114,0.120937,0.349114,0.248288,0.368117,-0.173029,-0.498771,1.058,-0.0051332,495,495,494.87,494.666,0.174651,0.180137
300,0,0,0.375,0,300,y,5200,0.248288,0.0860095,0.349114,0.248288,0.2668,-0.311123,-1.25637,1.06985,0.0121891,495,495,494.87,494.666,0.174651,0.180137
300,0,0,0.375,0,300,z,5200,0.301821,0.104554,0.349114,0.248288,0.382991,0.0330789,0.122785,1.25269,1,495,495,494.87,494.666,0.174651,0.180137
300,150,0,0.375,0.40404,30,x,4806,1.18105,0.409128,1.18105,0.794579,1.06283,-0.0421572,-0.0305752,0.916164,-0.0655234,645,495,645.161,494.698,0.527035,0.692271
300,150,0,0.375,0.40404,30,y,4806,0.794579,0.27525,1.18105,0.794579,0.954752,-0.190808,-0.243564,1.19366,0.0315328,645,495,645.161,494.698,0.527035,0.692271
300,150,0,0.375,0.40404,30,z,4806,1.0337,0.358084,1.18105,0.794579,1.20803,-0.0240508,-0.00789322,1.17664,1,645,495,645.161,494.698,0.527035,0.692271
300,150,0,0.375,0.40404,100,x,4806,0.614386,0.212829,0.614386,0.420743,0.53024,-0.209885,-0.341423,0.854262,-0.0387246,645,495,644.777,494.799,0.314704,0.406618
300,150,0,0.375,0.40404,100,y,4806,0.420743,0.14575,0.614386,0.420743,0.440094,-0.206953,-0.499325,1.04154,-0.01612,645,495,644.777,494.799,0.314704,0.406618
300,150,0,0.375,0.40404,100,z,4806,0.559516,0.193822,0.614386,0.420743,0.799756,0.233749,0.406383,1.41008,1,645,495,644.777,494.799,0.314704,0.406618
300,150,0,0.375,0.40404,300,x,4806,0.358337,0.124132,0.358337,0.244029,0.345526,-0.0283951,-0.081459,0.959369,-0.0613613,645,495,644.885,494.774,0.204648,0.268673
300,150,0,0.375,0.40404,300,y,4806,0.244029,0.0845343,0.358337,0.244029,0.304575,-0.271385,-1.12431,1.25516,-0.00114909,645,495,644.885,494.774,0.204648,0.268673
300,150,0,0.375,0.40404,300,z,4806,0.317367,0.109939,0.358337,0.244029,0.398304,0.165382,0.523784,1.25024,1,645,495,644.885,494.774,0.204648,0.268673
300,150,45,0.375,0.40404,30,x,4976,1.12708,0.39043,0.708665,1.18657,1.29579,0.0344723,0.0158114,1.12289,-0.0719114,601.066,601.066,601.122,600.856,0.72679,0.556038
300,150,45,0.375,0.40404,30,y,4976,0.798752,0.276696,0.708665,1.18657,0.746811,-0.194375,-0.248716,0.947005,-0.055341,601.066,601.066,601.122,600.856,0.72679,0.556038
300,150,45,0.375,0.40404,30,z,4976,1.02001,0.353343,0.708665,1.18657,1.1628,0.360462,0.376785,1.16277,1,601.066,601.066,601.122,600.856,0.72679,0.556038
300,150,45,0.375,0.40404,100,x,4976,0.595687,0.206352,0.378508,0.628988,0.853783,-0.463609,-0.787484,1.42416,-0.0442332,601.066,601.066,600.768,600.756,0.498132,0.376576
300,150,45,0.375,0.40404,100,y,4976,0.428939,0.148589,0.378508,0.628988,0.467024,-0.221472,-0.520717,1.07719,-0.0716211,601.066,601.066,600.768,600.756,0.498132,0.376576
300,150,45,0.375,0.40404,100,z,4976,0.544517,0.188626,0.378508,0.628988,0.683036,0.3197,0.603108,1.26775,1,601.066,601.066,600.768,600.756,0.498132,0.376576
300,150,45,0.375,0.40404,300,x,4976,0.34442,0.11931,0.219527,0.361809,0.328583,-0.38317,-1.11589,0.951358,-0.0496159,601.066,601.066,600.826,600.818,0.16752,0.154309
300,150,45,0.375,0.40404,300,y,4976,0.245912,0.0851864,0.219527,0.361809,0.203087,-0.171285,-0.70097,0.829051,-0.0768685,601.066,601.066,600.826,600.818,0.16752,0.154309
300,150,45,0.375,0.40404,300,z,4976,0.315408,0.10926,0.219527,0.361809,0.304061,0.173254,0.552251,0.965329,1,601.066,601.066,600.826,600.818,0.16752,0.154309
300,150,90,0.375,0.40404,30,x,4991,1.08551,0.376032,0.789191,1.08551,1.18674,-0.187283,-0.151733,1.07009,-0.0284113,495,645,494.933,644.651,0.685773,0.665843
300,150,90,0.375,0.40404,30,y,4991,0.789191,0.273384,0.789191,1.08551,0.765392,-0.282343,-0.348204,0.969443,-0.0713637,495,645,494.933,644.651,0.685773,0.665843
300,150,90,0.375,0.40404,30,z,4991,1.02162,0.353899,0.789191,1.08551,0.973235,0.273205,0.277589,0.962694,1,495,645,494.933,644.651,0.685773,0.665843
300,150,90,0.375,0.40404,100,x,4991,0.590297,0.204485,0.430414,0.590297,0.697801,-0.0763456,-0.144644,1.18859,-0.0116283,495,645,494.853,644.767,0.343435,0.391092
300,150,90,0.375,0.40404,100,y,4991,0.430414,0.1491,0.430414,0.590297,0.49857,-0.269006,-0.62371,1.16146,-0.087233,495,645,494.853,644.767,0.343435,0.391092
300,150,90,0.375,0.40404,100,z,4991,0.556608,0.192815,0.430414,0.590297,0.575992,0.0199236,0.03488,1.03815,1,495,645,494.853,644.767,0.343435,0.391092
300,150,90,0.375,0.40404,300,x,4991,0.33853,0.11727,0.246803,0.33853,0.3591,-0.220815,-0.653608,1.05281,-0.00955476,495,645,494.891,644.56,0.18315,0.204902
300,150,90,0.375,0.40404,300,y,4991,0.246803,0.085495,0.246803,0.33853,0.24507,-0.380178,-1.53976,0.996005,-0.0925965,495,645,494.891,644.56,0.18315,0.204902
300,150,90,0.375,0.40404,300,z,4991,0.318158,0.110213,0.246803,0.33853,0.359226,0.145487,0.468177,1.12955,1,495,645,494.891,644.56,0.18315,0.204902
300,300,0,0.375,0.808081,30,x,3398,1.17327,0.406432,1.17327,0.741398,1.11975,-0.28922,-0.279874,0.930649,-0.0894846,795,495,794.827,494.316,0.557081,0.657381
300,300,0,0.375,0.808081,30,y,3398,0.741398,0.256828,1.17327,0.741398,0.711552,-0.619832,-0.839711,0.958803,0.0385371,795,495,794.827,494.316,0.557081,0.657381
300,300,0,0.375,0.808081,30,z,3398,1.14725,0.397418,1.17327,0.741398,1.07298,-0.304581,-0.253732,0.912761,1,795,495,794.827,494.316,0.557081,0.657381
300,300,0,0.375,0.808081,100,x,3398,0.628815,0.217828,0.628815,0.394384,0.620913,-0.08918,-0.141595,0.989315,-0.101736,795,495,794.834,494.642,0.380647,0.350949
300,300,0,0.375,0.808081,100,y,3398,0.394384,0.136618,0.628815,0.394384,0.367379,-0.397887,-1.00542,0.932062,-0.00191641,795,495,794.834,494.642,0.380647,0.350949
300,300,0,0.375,0.808081,100,z,3398,0.628378,0.217677,0.628815,0.394384,0.675861,-0.0190296,-0.0317887,1.05707,1,795,495,794.834,494.642,0.380647,0.350949
300,300,0,0.375,0.808081,300,x,3398,0.356786,0.123594,0.356786,0.225888,0.378798,-0.208619,-0.59582,1.07252,-0.0776353,795,495,794.821,494.686,0.185982,0.220197
300,300,0,0.375,0.808081,300,y,3398,0.225888,0.07825,0.356786,0.225888,0.332398,-0.297522,-1.31668,1.46399,0.00267321,795,495,794.821,494.686,0.185982,0.220197
300,300,0,0.375,0.808081,300,z,3398,0.355942,0.123302,0.356786,0.225888,0.440886,-0.11348,-0.325782,1.23398,1,795,495,794.821,494.686,0.185982,0.220197
300,300,45,0.375,0.808081,30,x,3830,1.08943,0.377389,0.707065,1.14447,1.09031,-0.557755,-0.510672,0.995487,-0.0341285,707.132,707.132,706.789,706.851,0.736156,0.627647
300,300,45,0.375,0.808081,30,y,3830,0.787964,0.272959,0.707065,1.14447,0.828671,-0.163876,-0.241447,1.03399,-0.1441,707.132,707.132,706.789,706.851,0.736156,0.627647
300,300,45,0.375,0.808081,30,z,3830,1.19536,0.414085,0.707065,1.14447,1.57541,-0.112233,-0.106796,1.31919,1,707.132,707.132,706.789,706.851,0.736156,0.627647
300,300,45,0.375,0.808081,100,x,3830,0.595822,0.206399,0.389938,0.616433,0.689346,-0.469093,-0.782746,1.13345,-0.0669163,707.132,707.132,706.837,706.86,0.412903,0.460484
300,300,45,0.375,0.808081,100,y,3830,0.420487,0.145661,0.389938,0.616433,0.510656,-0.177946,-0.420974,1.20085,-0.134295,707.132,707.132,706.837,706.86,0.412903,0.460484
300,300,45,0.375,0.808081,100,z,3830,0.642092,0.222427,0.389938,0.616433,0.581885,-0.240627,-0.371071,0.910515,1,707.132,707.132,706.837,706.86,0.412903,0.460484
300,300,45,0.375,0.808081,300,x,3830,0.338631,0.117305,0.223949,0.349135,0.331961,-0.345946,-1.02497,0.982929,-0.0773234,707.132,707.132,706.897,706.682,0.218057,0.207778
300,300,45,0.375,0.808081,300,y,3830,0.239545,0.0829807,0.223949,0.349135,0.220027,-0.390459,-1.63258,0.923352,-0.134972,707.132,707.132,706.897,706.682,0.218057,0.207778
300,300,45,0.375,0.808081,300,z,3830,0.364701,0.126336,0.223949,0.349135,0.468816,0.0726352,0.214589,1.28272,1,707.132,707.132,706.897,706.682,0.218057,0.207778
300,300,90,0.375,0.808081,30,x,3511,1.02063,0.353556,0.843468,1.02063,1.06289,-0.295298,-0.305779,1.06904,0.00455601,495,795,494.681,794.584,0.641793,0.922804
300,300,90,0.375,0.808081,30,y,3511,0.843468,0.292186,0.843468,1.02063,1.13167,-0.426247,-0.504328,1.29557,-0.141026,495,795,494.681,794.584,0.641793,0.922804
300,300,90,0.375,0.808081,30,z,3511,1.17748,0.407893,0.843468,1.02063,1.37175,-0.158339,-0.121049,1.14704,1,495,795,494.681,794.584,0.641793,0.922804
300,300,90,0.375,0.808081,100,x,3511,0.558679,0.193532,0.452303,0.558679,0.629169,0.107197,0.191603,1.09862,-0.010535,495,795,494.914,794.575,0.330203,0.35665
300,300,90,0.375,0.808081,100,y,3511,0.452303,0.156682,0.452303,0.558679,0.514921,-0.526906,-1.18474,1.15905,-0.129745,495,795,494.914,794.575,0.330203,0.35665
300,300,90,0.375,0.808081,100,z,3511,0.615199,0.213111,0.452303,0.558679,0.621767,-0.232026,-0.386819,1.01392,1,495,795,494.914,794.575,0.330203,0.35665
300,300,90,0.375,0.808081,300,x,3511,0.318109,0.110196,0.257843,0.318109,0.333847,-0.0260816,-0.0864823,1.0498,-0.00916049,495,795,494.912,794.445,0.259066,0.19311
300,300,90,0.375,0.808081,300,y,3511,0.257843,0.0893196,0.257843,0.318109,0.269441,-0.58669,-2.2815,1.05926,-0.121341,495,795,494.912,794.445,0.259066,0.19311
300,300,90,0.375,0.808081,300,z,3511,0.350566,0.12144,0.257843,0.318109,0.477789,-0.0224681,-0.07482,1.35327,1,495,795,494.912,794.445,0.259066,0.19311
1000,0,0,1.25,0,30,x,2564,1.50772,0.522288,1.50772,1.09185,1.35923,0.122147,0.0849199,0.87436,-0.00802065,495,495,494.947,494.864,0.613896,0.844728
1000,0,0,1.25,0,30,y,2564,1.09185,0.378229,1.50772,1.09185,1.14492,-0.223968,-0.25181,1.1215,-0.00037794,495,495,494.947,494.864,0.613896,0.844728
1000,0,0,1.25,0,30,z,2564,2.1833,0.756316,1.50772,1.09185,2.36272,-0.701717,-0.335217,1.11902,1,495,495,494.947,494.864,0.613896,0.844728
1000,0,0,1.25,0,100,x,2564,0.802167,0.277879,0.802167,0.583782,0.840558,-0.124484,-0.155693,1.05709,0.0218734,495,495,494.879,494.909,0.432309,0.510108
1000,0,0,1.25,0,100,y,2564,0.583782,0.202228,0.802167,0.583782,0.730845,-0.0868775,-0.167154,1.27923,-0.0381489,495,495,494.879,494.909,0.432309,0.510108
1000,0,0,1.25,0,100,z,2564,1.18795,0.411518,0.802167,0.583782,1.2832,-0.489525,-0.410006,1.09232,1,495,495,494.879,494.909,0.432309,0.510108
1000,0,0,1.25,0,300,x,2564,0.459588,0.159206,0.459588,0.334337,0.40059,-0.325755,-0.71479,0.884694,-0.00888962,495,495,494.783,494.76,0.254337,0.259656
1000,0,0,1.25,0,300,y,2564,0.334337,0.115818,0.459588,0.334337,0.324707,-0.181772,-0.539752,0.971357,-0.0157125,495,495,494.783,494.76,0.254337,0.259656
1000,0,0,1.25,0,300,z,2564,0.677982,0.23486,0.459588,0.334337,0.663689,-0.577231,-0.853977,0.976662,1,495,495,494.783,494.76,0.254337,0.259656
1000,150,0,1.25,0.121212,30,x,2420,1.52928,0.529759,1.52928,1.06575,2.29698,0.175295,0.106467,1.55918,0.158543,645,495,644.834,494.988,0.942305,0.987528
1000,150,0,1.25,0.121212,30,y,2420,1.06575,0.369187,1.52928,1.06575,1.25813,-0.183204,-0.163719,1.18543,-0.0129631,645,495,644.834,494.988,0.942305,0.987528
1000,150,0,1.25,0.121212,30,z,2420,2.28203,0.790518,1.52928,1.06575,2.57106,-0.3803,-0.173744,1.107,1,645,495,644.834,494.988,0.942305,0.987528
1000,150,0,1.25,0.121212,100,x,2420,0.829395,0.287311,0.829395,0.569087,0.797413,-0.194899,-0.236793,0.954067,0.14622,645,495,644.515,494.461,0.455296,0.483288
1000,150,0,1.25,0.121212,100,y,2420,0.569087,0.197137,0.829395,0.569087,0.483258,-0.691195,-1.22014,0.87227,-0.00585396,645,495,644.515,494.461,0.455296,0.483288
1000,150,0,1.25,0.121212,100,z,2420,1.19263,0.413138,0.829395,0.569087,1.49293,-0.849205,-0.74081,1.27335,1,645,495,644.515,494.461,0.455296,0.483288
1000,150,0,1.25,0.121212,300,x,2420,0.474695,0.164439,0.474695,0.32809,0.372336,-0.0836327,-0.17719,0.784858,0.155931,645,495,644.752,494.655,0.338686,0.225168
1000,150,0,1.25,0.121212,300,y,2420,0.32809,0.113654,0.474695,0.32809,0.245676,-0.432051,-1.31894,0.754383,-0.00666759,645,495,644.752,494.655,0.338686,0.225168
1000,150,0,1.25,0.121212,300,z,2420,0.678303,0.234971,0.474695,0.32809,0.758258,0.103749,0.149462,1.11539,1,645,495,644.752,494.655,0.338686,0.225168
1000,150,45,1.25,0.121212,30,x,2429,1.49718,0.518639,0.958987,1.58395,1.70527,-0.439174,-0.283493,1.16356,0.143567,601.066,601.066,601.048,600.685,0.864966,0.824648
1000,150,45,1.25,0.121212,30,y,2429,1.08975,0.377499,0.958987,1.58395,0.979241,-0.150315,-0.155779,0.918848,0.14872,601.066,601.066,601.048,600.685,0.864966,0.824648
1000,150,45,1.25,0.121212,30,z,2429,2.18753,0.757781,0.958987,1.58395,2.6014,0.233304,0.12361,1.21812,1,601.066,601.066,601.048,600.685,0.864966,0.824648
1000,150,45,1.25,0.121212,100,x,2429,0.7913,0.274115,0.512669,0.836913,0.711395,-0.464192,-0.578825,0.904657,0.101265,601.066,601.066,600.815,600.627,0.443425,0.60701
1000,150,45,1.25,0.121212,100,y,2429,0.580525,0.2011,0.512669,0.836913,0.636626,-0.324087,-0.556567,1.10804,0.141932,601.066,601.066,600.815,600.627,0.443425,0.60701
1000,150,45,1.25,0.121212,100,z,2429,1.18882,0.411819,0.512669,0.836913,1.39884,0.118121,0.103297,1.18813,1,601.066,601.066,600.815,600.627,0.443425,0.60701
1000,150,45,1.25,0.121212,300,x,2429,0.459416,0.159146,0.29788,0.483154,0.341252,-0.413201,-0.903465,0.739064,0.120989,601.066,601.066,600.89,600.592,0.278662,0.229209
1000,150,45,1.25,0.121212,300,y,2429,0.333308,0.115461,0.29788,0.483154,0.269814,-0.347677,-1.04334,0.810303,0.140522,601.066,601.066,600.89,600.592,0.278662,0.229209
1000,150,45,1.25,0.121212,300,z,2429,0.675982,0.234167,0.29788,0.483154,0.676769,-0.142587,-0.216813,0.999227,1,601.066,601.066,600.89,600.592,0.278662,0.229209
1000,150,90,1.25,0.121212,30,x,2396,1.469,0.508877,1.07479,1.469,1.43017,-0.00930468,0.00073933,0.945206,0.0148098,495,645,495.161,644.761,0.686888,0.913524
1000,150,90,1.25,0.121212,30,y,2396,1.07479,0.372317,1.07479,1.469,1.2823,-0.143391,-0.150824,1.12638,0.217223,495,645,495.161,644.761,0.686888,0.913524
1000,150,90,1.25,0.121212,30,z,2396,2.23167,0.773074,1.07479,1.469,2.16396,-0.221364,-0.100571,0.969108,1,495,645,495.161,644.761,0.686888,0.913524
1000,150,90,1.25,0.121212,100,x,2396,0.798382,0.276567,0.587306,0.798382,0.625602,-0.126186,-0.159677,0.783768,0.00299303,495,645,494.91,644.545,0.377941,0.46191
1000,150,90,1.25,0.121212,100,y,2396,0.587306,0.203449,0.587306,0.798382,0.554957,-0.434814,-0.753012,0.956892,0.201084,495,645,494.91,644.545,0.377941,0.46191
1000,150,90,1.25,0.121212,100,z,2396,1.19245,0.413075,0.587306,0.798382,1.01064,-0.0120714,-0.0139795,0.848699,1,495,645,494.91,644.545,0.377941,0.46191
1000,150,90,1.25,0.121212,300,x,2396,0.45134,0.156349,0.335669,0.45134,0.518113,-0.120861,-0.271189,1.15268,0.00808175,495,645,494.926,644.614,0.203829,0.234695
1000,150,90,1.25,0.121212,300,y,2396,0.335669,0.116279,0.335669,0.45134,0.34728,-0.360197,-1.08735,1.0265,0.192156,495,645,494.926,644.614,0.203829,0.234695
1000,150,90,1.25,0.121212,300,z,2396,0.681923,0.236225,0.335669,0.45134,0.702342,-0.248391,-0.359815,1.02154,1,495,645,494.926,644.614,0.203829,0.234695
1000,300,0,1.25,0.242424,30,x,2265,1.62846,0.564116,1.62846,1.04381,1.96229,-0.223253,-0.154097,1.18986,0.304298,795,495,794.73,494.96,1.16532,0.819908
1000,300,0,1.25,0.242424,30,y,2265,1.04381,0.361585,1.62846,1.04381,1.07015,-0.0586198,-0.0710202,1.0227,-0.0144366,795,495,794.73,494.96,1.16532,0.819908
1000,300,0,1.25,0.242424,30,z,2265,2.18463,0.756777,1.62846,1.04381,2.22235,-0.0524356,-0.0381322,0.994226,1,795,495,794.73,494.96,1.16532,0.819908
1000,300,0,1.25,0.242424,100,x,2265,0.872956,0.302401,0.872956,0.558893,0.979615,-0.727181,-0.826626,1.1003,0.344773,795,495,794.477,494.751,0.475316,0.287317
1000,300,0,1.25,0.242424,100,y,2265,0.558893,0.193606,0.872956,0.558893,0.49177,-0.137835,-0.245032,0.868067,-0.0488578,795,495,794.477,494.751,0.475316,0.287317
1000,300,0,1.25,0.242424,100,z,2265,1.20902,0.418815,0.872956,0.558893,1.1714,-0.21994,-0.175686,0.962433,1,795,495,794.477,494.751,0.475316,0.287317
1000,300,0,1.25,0.242424,300,x,2265,0.493122,0.170822,0.493122,0.318736,0.56848,-0.442996,-0.89409,1.15203,0.319887,795,495,794.608,494.69,0.209181,0.296831
1000,300,0,1.25,0.242424,300,y,2265,0.318736,0.110414,0.493122,0.318736,0.373689,-0.281539,-0.879489,1.17417,-0.0253237,795,495,794.608,494.69,0.209181,0.296831
1000,300,0,1.25,0.242424,300,z,2265,0.679927,0.235534,0.493122,0.318736,0.836449,-0.727735,-1.07016,1.23408,1,795,495,794.608,494.69,0.209181,0.296831
1000,300,45,1.25,0.242424,30,x,2218,1.49458,0.517738,0.999823,1.58559,1.85095,0.130814,0.0628969,1.27326,0.170328,707.132,707.132,707.13,706.473,1.13653,0.869456
1000,300,45,1.25,0.242424,30,y,2218,1.1323,0.392242,0.999823,1.58559,1.2646,-0.718673,-0.623253,1.08975,0.261337,707.132,707.132,707.13,706.473,1.13653,0.869456
1000,300,45,1.25,0.242424,30,z,2218,2.24125,0.776392,0.999823,1.58559,2.8437,-0.902542,-0.363033,1.25978,1,707.132,707.132,707.13,706.473,1.13653,0.869456
1000,300,45,1.25,0.242424,100,x,2218,0.801357,0.277598,0.555867,0.827741,0.797699,-0.15464,-0.197289,0.988441,0.229428,707.132,707.132,706.824,706.733,0.453909,0.504414
1000,300,45,1.25,0.242424,100,y,2218,0.593028,0.205431,0.555867,0.827741,0.616333,-0.47886,-0.803894,1.04404,0.275127,707.132,707.132,706.824,706.733,0.453909,0.504414
1000,300,45,1.25,0.242424,100,z,2218,1.16864,0.404829,0.555867,0.827741,1.22312,-0.921223,-0.788751,1.06374,1,707.132,707.132,706.824,706.733,0.453909,0.504414
1000,300,45,1.25,0.242424,300,x,2218,0.467577,0.161973,0.323432,0.477808,0.487553,-0.323677,-0.688038,1.04328,0.231432,707.132,707.132,706.721,706.752,0.26375,0.297326
1000,300,45,1.25,0.242424,300,y,2218,0.338039,0.1171,0.323432,0.477808,0.355234,-0.426198,-1.26798,1.0688,0.272395,707.132,707.132,706.721,706.752,0.26375,0.297326
1000,300,45,1.25,0.242424,300,z,2218,0.678499,0.235039,0.323432,0.477808,0.538574,-1.10388,-1.62707,0.794884,1,707.132,707.132,706.721,706.752,0.26375,0.297326
1000,300,90,1.25,0.242424,30,x,2264,1.44791,0.501572,1.14312,1.44791,1.50473,0.279143,0.185411,0.993165,-0.0420709,495,795,494.741,794.651,0.83373,1.22122
1000,300,90,1.25,0.242424,30,y,2264,1.14312,0.395989,1.14312,1.44791,1.2572,-0.629681,-0.564652,1.12513,0.408914,495,795,494.741,794.651,0.83373,1.22122
1000,300,90,1.25,0.242424,30,z,2264,2.19777,0.76133,1.14312,1.44791,2.9895,-0.536426,-0.253404,1.37355,1,495,795,494.741,794.651,0.83373,1.22122
1000,300,90,1.25,0.242424,100,x,2264,0.78281,0.271173,0.61426,0.78281,0.797715,-0.0279078,-0.0450759,1.01609,-0.0470787,495,795,494.83,794.369,0.400559,0.46892
1000,300,90,1.25,0.242424,100,y,2264,0.61426,0.212786,0.61426,0.78281,0.484657,-0.704644,-1.15241,0.780052,0.407739,495,795,494.83,794.369,0.400559,0.46892
1000,300,90,1.25,0.242424,100,z,2264,1.18582,0.410781,0.61426,0.78281,1.06371,-0.871041,-0.728931,0.896636,1,495,795,494.83,794.369,0.400559,0.46892
1000,300,90,1.25,0.242424,300,x,2264,0.449253,0.155626,0.357781,0.449253,0.459488,0.109418,0.247111,1.01301,-0.0360043,495,795,494.789,794.596,0.244085,0.263714
1000,300,90,1.25,0.242424,300,y,2264,0.357781,0.123939,0.357781,0.449253,0.442058,-0.573281,-1.6061,1.22883,0.401208,495,795,494.789,794.596,0.244085,0.263714
1000,300,90,1.25,0.242424,300,z,2264,0.679331,0.235327,0.357781,0.449253,0.619242,-0.478808,-0.709313,0.918301,1,495,795,494.789,794.596,0.244085,0.263714
3000,0,0,3.75,0,30,x,2595,4.46883,1.54805,4.46883,3.24345,4.58346,0.247295,0.0563092,1.00993,-0.000143932,495,495,493.738,495.051,3.13289,3.38398
3000,0,0,3.75,0,30,y,2595,3.24345,1.12356,4.46883,3.24345,4.40143,-0.698807,-0.224526,1.33701,-0.0527563,495,495,493.738,495.051,3.13289,3.38398
3000,0,0,3.75,0,30,z,2595,19.1346,6.6284,4.46883,3.24345,16.9902,-0.284008,-0.0269683,0.876513,1,495,495,493.738,495.051,3.13289,3.38398
3000,0,0,3.75,0,100,x,2595,2.41413,0.83628,2.41413,1.74869,1.93724,-0.611036,-0.264234,0.79931,0.00869762,495,495,493.863,494.864,1.48367,1.408
3000,0,0,3.75,0,100,y,2595,1.74869,0.605764,2.41413,1.74869,1.69234,-0.406383,-0.244186,0.976121,-0.0321755,495,495,493.863,494.864,1.48367,1.408
3000,0,0,3.75,0,100,z,2595,9.79923,3.39455,2.41413,1.74869,10.7162,0.728261,0.0667455,1.09364,1,495,495,493.863,494.864,1.48367,1.408
3000,0,0,3.75,0,300,x,2595,1.38434,0.47955,1.38434,1.00448,1.54999,0.0859494,0.059227,1.11791,0.00424455,495,495,494.376,495.061,0.665581,0.81175
3000,0,0,3.75,0,300,y,2595,1.00448,0.34796,1.38434,1.00448,1.01259,-0.307555,-0.304867,1.00899,-0.0260782,495,495,494.376,495.061,0.665581,0.81175
3000,0,0,3.75,0,300,z,2595,5.69603,1.97316,1.38434,1.00448,4.53231,1.24082,0.218313,0.791984,1,495,495,494.376,495.061,0.665581,0.81175
3000,150,0,3.75,0.040404,30,x,2498,4.64588,1.60938,4.64588,3.2016,4.1699,-0.650052,-0.128516,0.919129,0.176384,645,495,644.118,495.067,2.60992,2.73276
3000,150,0,3.75,0.040404,30,y,2498,3.2016,1.10907,4.64588,3.2016,3.63859,0.00239437,-0.0249352,1.14362,-0.061163,645,495,644.118,495.067,2.60992,2.73276
3000,150,0,3.75,0.040404,30,z,2498,18.5669,6.43175,4.64588,3.2016,21.6104,-5.25518,-0.292644,1.17455,1,645,495,644.118,495.067,2.60992,2.73276
3000,150,0,3.75,0.040404,100,x,2498,2.42976,0.841694,2.42976,1.70559,2.25419,0.049804,0.00706362,0.92269,0.16686,645,495,645.158,495.47,1.19576,1.20208
3000,150,0,3.75,0.040404,100,y,2498,1.70559,0.590833,2.42976,1.70559,1.58631,0.543671,0.315014,0.931595,-0.00202,645,495,645.158,495.47,1.19576,1.20208
3000,150,0,3.75,0.040404,100,z,2498,9.97411,3.45513,2.42976,1.70559,7.61072,0.435473,0.03936,0.75536,1,645,495,645.158,495.47,1.19576,1.20208
3000,150,0,3.75,0.040404,300,x,2498,1.42205,0.492611,1.42205,0.995808,1.40024,-0.446969,-0.316674,0.984308,0.188968,645,495,644.951,495.314,0.766818,0.704694
3000,150,0,3.75,0.040404,300,y,2498,0.995808,0.344958,1.42205,0.995808,0.865457,0.530254,0.527595,0.867236,-0.0173975,645,495,644.951,495.314,0.766818,0.704694
3000,150,0,3.75,0.040404,300,z,2498,5.79912,2.00887,1.42205,0.995808,4.48271,2.78543,0.475481,0.775494,1,645,495,644.951,495.314,0.766818,0.704694
3000,150,45,3.75,0.040404,30,x,2545,4.56584,1.58165,2.95075,4.77521,4.94036,-0.392829,-0.090172,1.09286,0.134074,601.066,601.066,600.354,600.648,2.56046,2.01937
3000,150,45,3.75,0.040404,30,y,2545,3.26192,1.12996,2.95075,4.77521,2.64412,-0.531287,-0.173055,0.796446,0.168902,601.066,601.066,600.354,600.648,2.56046,2.01937
3000,150,45,3.75,0.040404,30,z,2545,18.7776,6.50477,2.95075,4.77521,15.9588,1.55234,0.0586591,0.789912,1,601.066,601.066,600.354,600.648,2.56046,2.01937
3000,150,45,3.75,0.040404,100,x,2545,2.43105,0.842139,1.57273,2.56419,2.21632,0.0834941,0.0237548,0.907602,0.126658,601.066,601.066,600.651,600.7,1.21735,1.83944
3000,150,45,3.75,0.040404,100,y,2545,1.77104,0.613507,1.57273,2.56419,2.2612,-0.61708,-0.356305,1.26037,0.163505,601.066,601.066,600.651,600.7,1.21735,1.83944
3000,150,45,3.75,0.040404,100,z,2545,9.83429,3.4067,1.57273,2.56419,12.3223,-0.738609,-0.0803449,1.25654,1,601.066,601.066,600.651,600.7,1.21735,1.83944
3000,150,45,3.75,0.040404,300,x,2545,1.39736,0.48406,0.905809,1.4741,1.28344,-0.788908,-0.565585,0.920306,0.129803,601.066,601.066,600.703,601.037,0.603347,0.777805
3000,150,45,3.75,0.040404,300,y,2545,1.02027,0.353431,0.905809,1.4741,1.00592,0.203852,0.191834,0.990699,0.165617,601.066,601.066,600.703,601.037,0.603347,0.777805
3000,150,45,3.75,0.040404,300,z,2545,5.73869,1.98794,0.905809,1.4741,5.70843,1.25557,0.212684,0.994437,1,601.066,601.066,600.703,601.037,0.603347,0.777805
3000,150,90,3.75,0.040404,30,x,2459,4.5696,1.58296,3.32197,4.5696,4.58645,-2.26783,-0.496259,1.00323,0.047655,495,645,494.278,644.902,2.92665,2.23887
3000,150,90,3.75,0.040404,30,y,2459,3.32197,1.15076,3.32197,4.5696,2.53674,0.774454,0.219751,0.75255,0.243475,495,645,494.278,644.902,2.92665,2.23887
3000,150,90,3.75,0.040404,30,z,2459,18.209,6.30778,3.32197,4.5696,14.3732,-1.48274,-0.10477,0.79204,1,495,645,494.278,644.902,2.92665,2.23887
3000,150,90,3.75,0.040404,100,x,2459,2.39698,0.830339,1.77935,2.39698,1.88687,-1.65053,-0.678296,0.783686,-0.00734702,495,645,494.907,644.71,1.41385,1.43268
3000,150,90,3.75,0.040404,100,y,2459,1.77935,0.616386,1.77935,2.39698,1.71319,0.554696,0.307248,0.956078,0.248473,495,645,494.907,644.71,1.41385,1.43268
3000,150,90,3.75,0.040404,100,z,2459,9.78219,3.38865,1.77935,2.39698,10.1154,2.35014,0.236746,1.0372,1,495,645,494.907,644.71,1.41385,1.43268
3000,150,90,3.75,0.040404,300,x,2459,1.40049,0.485143,1.02883,1.40049,1.61712,-1.07759,-0.770127,1.1599,0.0263594,495,645,495.076,644.731,0.763363,0.80997
3000,150,90,3.75,0.040404,300,y,2459,1.02883,0.356397,1.02883,1.40049,0.8126,0.353865,0.342621,0.789051,0.231796,495,645,495.076,644.731,0.763363,0.80997
3000,150,90,3.75,0.040404,300,z,2459,5.63855,1.95325,1.02883,1.40049,4.39104,3.05765,0.533965,0.768676,1,495,645,495.076,644.731,0.763363,0.80997
3000,300,0,3.75,0.0808081,30,x,2477,4.75217,1.6462,4.75217,3.20622,4.69004,-0.078539,-0.0209116,1.00771,0.367013,795,495,794.52,495.561,3.12525,1.84421
3000,300,0,3.75,0.0808081,30,y,2477,3.20622,1.11067,4.75217,3.20622,2.72517,0.413506,0.123397,0.82162,-0.00520147,795,495,794.52,495.561,3.12525,1.84421
3000,300,0,3.75,0.0808081,30,z,2477,18.2117,6.3087,4.75217,3.20622,18.6881,1.83965,0.0754493,1.03376,1,795,495,794.52,495.561,3.12525,1.84421
3000,300,0,3.75,0.0808081,100,x,2477,2.58211,0.89447,2.58211,1.70959,2.5731,0.285193,0.112977,1.0044,0.359896,795,495,794.582,495.064,1.89415,0.986044
3000,300,0,3.75,0.0808081,100,y,2477,1.70959,0.592218,2.58211,1.70959,1.50115,-0.288913,-0.178902,0.883812,-0.0119342,795,495,794.582,495.064,1.89415,0.986044
3000,300,0,3.75,0.0808081,100,z,2477,9.91532,3.43477,2.58211,1.70959,10.0147,-2.20034,-0.237862,0.990273,1,795,495,794.582,495.064,1.89415,0.986044
3000,300,0,3.75,0.0808081,300,x,2477,1.49307,0.517216,1.49307,0.984645,1.19698,0.668531,0.439936,0.793558,0.359184,795,495,794.987,494.862,0.669956,0.879377
3000,300,0,3.75,0.0808081,300,y,2477,0.984645,0.341091,1.49307,0.984645,1.03131,-0.495164,-0.501984,1.05551,-0.0160259,795,495,794.987,494.862,0.669956,0.879377
3000,300,0,3.75,0.0808081,300,z,2477,5.65195,1.95789,1.49307,0.984645,4.37577,1.73569,0.302451,0.773185,1,795,495,794.987,494.862,0.669956,0.879377
3000,300,45,3.75,0.0808081,30,x,2458,4.67062,1.61795,3.26314,4.8022,4.87108,-1.17663,-0.252845,1.05378,0.221474,707.132,707.132,706.009,706.488,2.70324,2.90814
3000,300,45,3.75,0.0808081,30,y,2458,3.44345,1.19284,3.26314,4.8022,2.95321,-0.558508,-0.181203,0.877068,0.348985,707.132,707.132,706.009,706.488,2.70324,2.90814
3000,300,45,3.75,0.0808081,30,z,2458,18.8597,6.53318,3.26314,4.8022,16.8777,0.178907,0.0114045,0.882775,1,707.132,707.132,706.009,706.488,2.70324,2.90814
3000,300,45,3.75,0.0808081,100,x,2458,2.48623,0.861257,1.76608,2.55627,2.59602,-0.219563,-0.08941,1.03804,0.23723,707.132,707.132,706.92,707.257,1.93478,1.52584
3000,300,45,3.75,0.0808081,100,y,2458,1.86343,0.64551,1.76608,2.55627,1.62667,0.136373,0.0651544,0.858038,0.362945,707.132,707.132,706.92,707.257,1.93478,1.52584
3000,300,45,3.75,0.0808081,100,z,2458,10.1135,3.50342,1.76608,2.55627,11.3268,2.44,0.235211,1.10436,1,707.132,707.132,706.92,707.257,1.93478,1.52584
3000,300,45,3.75,0.0808081,300,x,2458,1.42773,0.49458,1.02351,1.45203,1.37074,-1.19323,-0.838094,0.958109,0.260475,707.132,707.132,706.38,706.843,0.781296,0.937116
3000,300,45,3.75,0.0808081,300,y,2458,1.05708,0.366185,1.02351,1.45203,1.10989,-0.0501922,-0.0500822,1.04004,0.35504,707.132,707.132,706.38,706.843,0.781296,0.937116
3000,300,45,3.75,0.0808081,300,z,2458,5.70926,1.97774,1.02351,1.45203,6.44017,-1.63419,-0.297468,1.14734,1,707.132,707.132,706.38,706.843,0.781296,0.937116
3000,300,90,3.75,0.0808081,30,x,2574,4.53965,1.57258,3.68309,4.53965,3.9027,2.26312,0.489013,0.872014,0.0199709,495,795,495.283,794.464,2.38805,3.80277
3000,300,90,3.75,0.0808081,30,y,2574,3.68309,1.27586,3.68309,4.53965,3.84491,-1.52467,-0.41597,1.0626,0.50623,495,795,495.283,794.464,2.38805,3.80277
3000,300,90,3.75,0.0808081,30,z,2574,18.493,6.40616,3.68309,4.53965,21.2877,-3.56281,-0.225512,1.16437,1,495,795,495.283,794.464,2.38805,3.80277
3000,300,90,3.75,0.0808081,100,x,2574,2.4093,0.834606,1.97332,2.4093,2.69841,0.644458,0.275202,1.11143,-0.0189664,495,795,495.296,794.257,1.44954,1.72629
3000,300,90,3.75,0.0808081,100,y,2574,1.97332,0.683579,1.97332,2.4093,1.99341,-0.90957,-0.473605,1.01901,0.504542,495,795,495.296,794.257,1.44954,1.72629
3000,300,90,3.75,0.0808081,100,z,2574,9.95139,3.44726,1.97332,2.4093,12.6737,-3.67475,-0.387936,1.28287,1,495,795,495.296,794.257,1.44954,1.72629
3000,300,90,3.75,0.0808081,300,x,2574,1.36751,0.473721,1.11764,1.36751,1.47568,0.383832,0.272697,1.07596,0.0105344,495,795,494.967,794.51,0.84965,0.940673
3000,300,90,3.75,0.0808081,300,y,2574,1.11764,0.387161,1.11764,1.36751,1.2396,-0.706397,-0.630448,1.10009,0.473627,495,795,494.967,794.51,0.84965,0.940673
3000,300,90,3.75,0.0808081,300,z,2574,5.71955,1.98131,1.11764,1.36751,6.24439,-4.0308,-0.702052,1.08734,1,495,795,494.967,794.51,0.84965,0.940673
